municipio;area_desmatada;geocode_ibge;uf
Peixoto de Azevedo;56,78;5106422;Mato Grosso
Pau D'Arco;2,48;1505551;Pará
Mâncio Lima;11,61;1200336;Acre
Alto Alegre;11,29;1400050;Roraima
Pedra Preta;0,00;5106372;Mato Grosso
Itaituba;89,41;1503606;Pará
Redenção;1,05;1506138;Pará
Iracema;7,17;1400282;Roraima
Santo Antônio do Leverger;0,77;5107800;Mato Grosso
Porto Esperidião;1,13;5106828;Mato Grosso
Nova Brasilândia;0,19;5106208;Mato Grosso
Caracaraí;22,13;1400209;Roraima
Ponte Branca;0,00;5106703;Mato Grosso
Cuiabá;0,15;5103403;Mato Grosso
Tucumã;1,65;1508084;Pará
Alto Paraguai;0,16;5100508;Mato Grosso
São Pedro da Cipa;0,00;5107404;Mato Grosso
Porto Estrela;0,00;5106851;Mato Grosso
Porto de Moz;19,36;1505908;Pará
Denise;0,00;5103452;Mato Grosso
Cáceres;1,21;5102504;Mato Grosso
Tesouro;0,00;5108105;Mato Grosso
Araguaiana;0,00;5101001;Mato Grosso
Matupá;28,93;5105606;Mato Grosso
Conquista D'Oeste;2,73;5103361;Mato Grosso
Vale de São Domingos;0,00;5108352;Mato Grosso
Juscimeira;0,16;5105200;Mato Grosso
Nova Guarita;1,28;5108808;Mato Grosso
Bonfim;3,83;1400159;Roraima
Tapauá;4,39;1304104;Amazonas
Salto do Céu;1,57;5107750;Mato Grosso
Campo Verde;0,21;5102678;Mato Grosso
Eirunepé;3,32;1301407;Amazonas
Curvelândia;0,00;5103437;Mato Grosso
Acorizal;0,00;5100102;Mato Grosso
Várzea Grande;0,00;5108402;Mato Grosso
Rosário Oeste;0,00;5107701;Mato Grosso
Rio Branco;0,00;5107206;Mato Grosso
Santo Antônio do Leste;0,00;5107792;Mato Grosso
Chapada dos Guimarães;0,37;5103007;Mato Grosso
Novo São Joaquim;0,00;5106281;Mato Grosso
Glória D'Oeste;0,00;5103957;Mato Grosso
São José do Povo;0,00;5107297;Mato Grosso
Mirassol d'Oeste;0,82;5105622;Mato Grosso
Nova Bandeirantes;48,44;5106158;Mato Grosso
Poconé;0,00;5106505;Mato Grosso
Conceição do Araguaia;5,17;1502707;Pará
Barra do Bugres;4,54;5101704;Mato Grosso
Guiratinga;0,00;5104203;Mato Grosso
Dom Aquino;0,00;5103601;Mato Grosso
Lambari D'Oeste;1,24;5105234;Mato Grosso
São José dos Quatro Marcos;1,00;5107107;Mato Grosso
Poxoréu;0,42;5107008;Mato Grosso
Floresta do Araguaia;4,01;1503044;Pará
Barão de Melgaço;1,83;5101605;Mato Grosso
Araputanga;0,28;5101258;Mato Grosso
Nova Olímpia;0,18;5106232;Mato Grosso
Rondonópolis;0,27;5107602;Mato Grosso
Nova Xavantina;0,00;5106257;Mato Grosso
Pontal do Araguaia;0,00;5106653;Mato Grosso
Jangada;0,00;5104906;Mato Grosso
Amapá;0,21;1600105;Amapá
Guajará;6,53;1301654;Amazonas
Vila Bela da Santíssima Trindade;17,77;5105507;Mato Grosso
Araguainha;0,00;5101209;Mato Grosso
Capixaba;9,46;1200179;Acre
Jauru;0,10;5105002;Mato Grosso
Ribeirãozinho;0,00;5107198;Mato Grosso
Reserva do Cabaçal;1,72;5107156;Mato Grosso
Figueirópolis D'Oeste;0,31;5103809;Mato Grosso
Alto Garças;0,00;5100409;Mato Grosso
Nossa Senhora do Livramento;0,09;5106109;Mato Grosso
Jaciara;0,08;5104807;Mato Grosso
Manaus;2,19;1302603;Amazonas
Pontes e Lacerda;3,12;5106752;Mato Grosso
Ipixuna;2,33;1301803;Amazonas
Primavera do Leste;0,00;5107040;Mato Grosso
Maraã;0,65;1302801;Amazonas
Torixoréu;0,00;5108204;Mato Grosso
General Carneiro;0,00;5103908;Mato Grosso
Nova Rosalândia;0,00;1715002;Tocantins
São Gabriel da Cachoeira;4,00;1303809;Amazonas
Ipiranga do Norte;11,37;5104526;Mato Grosso
Araguaína;1,39;1702109;Tocantins
São Geraldo do Araguaia;0,95;1507458;Pará
Augusto Corrêa;0,00;1500909;Pará
Uarini;1,33;1304260;Amazonas
Vilhena;7,88;1100304;Rondônia
Nova Lacerda;14,93;5106182;Mato Grosso
Itaporã do Tocantins;0,15;1711100;Tocantins
Lucas do Rio Verde;0,58;5105259;Mato Grosso
Nova Maringá;8,86;5108907;Mato Grosso
Goianésia do Pará;21,45;1503093;Pará
Bujari;9,57;1200138;Acre
Rio Maria;2,78;1506161;Pará
Divinópolis do Tocantins;0,00;1707108;Tocantins
Jacareacanga;28,14;1503754;Pará
Barrolândia;0,00;1703107;Tocantins
Diamantino;1,22;5103502;Mato Grosso
Santa Fé do Araguaia;0,68;1718865;Tocantins
Santa Carmem;10,19;5107248;Mato Grosso
Bannach;5,64;1501253;Pará
Canabrava do Norte;13,42;5102694;Mato Grosso
Pedra Branca do Amapari;1,34;1600154;Amapá
Oliveira de Fátima;0,00;1715507;Tocantins
Caseara;0,39;1703909;Tocantins
Santa Cruz do Arari;0,00;1506401;Pará
Tapurah;19,83;5108006;Mato Grosso
Parauapebas;2,34;1505536;Pará
Limoeiro do Ajuru;0,07;1504000;Pará
Theobroma;2,23;1101609;Rondônia
São Félix do Xingu;139,39;1507300;Pará
Comodoro;17,72;5103304;Mato Grosso
Goianorte;0,00;1708304;Tocantins
Governador Jorge Teixeira;2,15;1101005;Rondônia
Tabaporã;13,13;5107941;Mato Grosso
Epitaciolândia;7,11;1200252;Acre
Vera;1,68;5108501;Mato Grosso
Novo Mundo;15,19;5106265;Mato Grosso
Bernardo Sayão;0,00;1703206;Tocantins
Rolim de Moura;0,73;1100288;Rondônia
Seringueiras;7,87;1101500;Rondônia
Autazes;23,87;1300300;Amazonas
Ferreira Gomes;0,51;1600238;Amapá
Palmas;0,00;1721000;Tocantins
São Francisco do Brejão;1,15;2110856;Maranhão
Sambaíba;0,00;2109700;Maranhão
Novo Alegre;0,00;1715150;Tocantins
Santa Luzia D'Oeste;0,16;1100296;Rondônia
Tartarugalzinho;2,12;1600709;Amapá
Arenápolis;0,00;5101308;Mato Grosso
Gurupi;0,00;1709500;Tocantins
Lagoa da Confusão;3,69;1711902;Tocantins
Boa Vista;0,20;1400100;Roraima
Gurupá;0,58;1503101;Pará
São Pedro da Água Branca;0,23;2111532;Maranhão
Jaú do Tocantins;0,00;1711506;Tocantins
Araguaçu;0,00;1702000;Tocantins
Sandolândia;0,00;1718840;Tocantins
Altamira;249,90;1500602;Pará
Aliança do Tocantins;0,00;1700350;Tocantins
São Sebastião do Uatumã;2,68;1303957;Amazonas
Porto dos Gaúchos;20,11;5106802;Mato Grosso
Sapezal;0,29;5107875;Mato Grosso
Bragança;0,89;1501709;Pará
Nova Santa Helena;3,95;5106190;Mato Grosso
Alto Paraíso;15,36;1100403;Rondônia
Araguanã;0,24;1702158;Tocantins
São José do Rio Claro;12,03;5107305;Mato Grosso
Pimenteiras do Oeste;6,34;1101468;Rondônia
Mocajuba;0,57;1504604;Pará
Iranduba;2,82;1301852;Amazonas
Urucará;1,84;1304302;Amazonas
Santa Isabel do Rio Negro;1,87;1303601;Amazonas
Senador Guiomard;7,00;1200450;Acre
Figueirópolis;0,00;1707652;Tocantins
Coari;3,81;1301209;Amazonas
Carauari;0,46;1301001;Amazonas
Nova Mutum;9,49;5106224;Mato Grosso
Nova Nazaré;0,66;5106174;Mato Grosso
Brasil Novo;38,43;1501725;Pará
Apuí;48,52;1300144;Amazonas
Santa Terezinha;12,06;5107776;Mato Grosso
Campinápolis;0,00;5102603;Mato Grosso
Nova Mamoré;75,82;1100338;Rondônia
Castanheiras;0,73;1100908;Rondônia
União do Sul;11,13;5108303;Mato Grosso
Alvorada;0,00;1700707;Tocantins
Caroebe;14,79;1400233;Roraima
Coroatá;6,33;2103604;Maranhão
Pastos Bons;0,00;2108009;Maranhão
Lago do Junco;0,00;2105807;Maranhão
Matões do Norte;1,92;2106631;Maranhão
Cantanhede;4,36;2102705;Maranhão
Arame;11,83;2100956;Maranhão
Conceição do Tocantins;0,00;1705607;Tocantins
Tufilândia;0,00;2112274;Maranhão
Governador Newton Bello;1,45;2104651;Maranhão
Maranhãozinho;0,40;2106375;Maranhão
Igarapé Grande;0,00;2105203;Maranhão
Monção;1,64;2106904;Maranhão
Peritoró;4,77;2108454;Maranhão
Sucupira do Norte;0,00;2111904;Maranhão
Formosa da Serra Negra;0,08;2104099;Maranhão
Nova Iorque;0,00;2107308;Maranhão
Santa Filomena do Maranhão;1,09;2109759;Maranhão
Carutapera;2,07;2102903;Maranhão
Rio Branco;41,92;1200401;Acre
Satubinha;0,00;2111722;Maranhão
Cujubim;47,18;1100940;Rondônia
Fernando Falcão;2,24;2104081;Maranhão
Pirapemas;2,99;2108801;Maranhão
Centro do Guilherme;5,06;2103158;Maranhão
Oiapoque;2,09;1600501;Amapá
Darcinópolis;0,07;1706506;Tocantins
Alcântara;0,00;2100204;Maranhão
Arari;0,76;2101004;Maranhão
Cumaru do Norte;58,92;1502764;Pará
Miranda do Norte;1,17;2106755;Maranhão
Penalva;2,08;2108306;Maranhão
Brejo Grande do Araguaia;2,16;1501758;Pará
Medicilândia;29,06;1504455;Pará
Nova Timboteua;0,19;1505007;Pará
Central do Maranhão;0,00;2103125;Maranhão
Alto Alegre do Maranhão;0,74;2100436;Maranhão
Maurilândia do Tocantins;0,17;1712801;Tocantins
Paragominas;35,13;1505502;Pará
Morros;0,00;2107100;Maranhão
Itinga do Maranhão;4,38;2105427;Maranhão
Santa Helena;3,52;2109809;Maranhão
São João da Ponta;0,73;1507466;Pará
Cedral;0,00;2103109;Maranhão
São João Batista;0,00;2111003;Maranhão
São Raimundo do Doca Bezerra;0,00;2111631;Maranhão
Turilândia;9,76;2112456;Maranhão
São João de Pirabas;1,13;1507474;Pará
Lago dos Rodrigues;0,00;2105948;Maranhão
Lagoa do Tocantins;0,00;1711951;Tocantins
Dianópolis;0,00;1707009;Tocantins
Novo Acordo;0,00;1715101;Tocantins
Maracanã;0,59;1504307;Pará
Axixá do Tocantins;0,07;1702901;Tocantins
Cachoeira Grande;0,45;2102374;Maranhão
Anajatuba;0,52;2100709;Maranhão
Aurora do Tocantins;0,00;1702703;Tocantins
Itiquira;0,00;5104609;Mato Grosso
Mateiros;0,00;1712702;Tocantins
Natividade;0,00;1714203;Tocantins
Joselândia;0,67;2105609;Maranhão
Bom Jesus do Tocantins;0,00;1703305;Tocantins
Estreito;0,00;2104057;Maranhão
Lizarda;0,00;1712405;Tocantins
Ariquemes;3,70;1100023;Rondônia
Olho d'Água das Cunhãs;0,00;2107407;Maranhão
Cajari;0,89;2102507;Maranhão
Bom Jesus do Tocantins;2,29;1501576;Pará
Chaves;0,12;1502509;Pará
Governador Eugênio Barros;6,67;2104602;Maranhão
Barcarena;1,01;1501303;Pará
São João da Baliza;5,04;1400506;Roraima
Miracema do Tocantins;0,00;1713205;Tocantins
Rio dos Bois;0,00;1718709;Tocantins
Itaubal;0,42;1600253;Amapá
Tefé;3,42;1304203;Amazonas
Cláudia;11,68;5103056;Mato Grosso
Nortelândia;0,57;5106000;Mato Grosso
Anori;0,58;1300102;Amazonas
Água Boa;0,11;5100201;Mato Grosso
Miranorte;0,00;1713304;Tocantins
Rorainópolis;10,80;1400472;Roraima
Cocalinho;1,50;5103106;Mato Grosso
Costa Marques;17,48;1100080;Rondônia
Macapá;0,83;1600303;Amapá
Mirante da Serra;0,55;1101302;Rondônia
Monte Alegre;10,85;1504802;Pará
Santa Rosa do Purus;2,88;1200435;Acre
Palmeirópolis;0,00;1715754;Tocantins
Canaã dos Carajás;1,11;1502152;Pará
Guimarães;0,00;2104909;Maranhão
Belterra;1,57;1501451;Pará
Itapiratins;0,00;1710904;Tocantins
Araguanã;0,00;2100873;Maranhão
Viseu;3,70;1508308;Pará
Uruará;38,31;1508159;Pará
Junco do Maranhão;0,46;2105658;Maranhão
Novo Aripuanã;17,82;1303304;Amazonas
Cotriguaçu;21,37;5103379;Mato Grosso
Jatobá;1,06;2105450;Maranhão
Rio Sono;0,00;1718758;Tocantins
Tracuateua;0,26;1508035;Pará
Breu Branco;14,78;1501782;Pará
Santa Tereza do Tocantins;0,00;1719004;Tocantins
Maracaçumé;0,41;2106326;Maranhão
Parintins;4,90;1303403;Amazonas
Porto Grande;2,53;1600535;Amapá
Aragominas;2,57;1701309;Tocantins
Pugmil;0,00;1718451;Tocantins
Araguacema;0,63;1701903;Tocantins
Novo Airão;1,16;1303205;Amazonas
Breves;0,64;1501808;Pará
Acará;15,01;1500206;Pará
Augustinópolis;0,08;1702554;Tocantins
Canutama;25,65;1300904;Amazonas
Serra Nova Dourada;5,27;5107883;Mato Grosso
Humaitá;11,00;1301704;Amazonas
Borba;11,70;1300805;Amazonas
Ourilândia do Norte;5,54;1505437;Pará
Cerejeiras;1,68;1100056;Rondônia
Mãe do Rio;0,06;1504059;Pará
Bom Jesus das Selvas;4,06;2102036;Maranhão
São João do Soter;0,00;2111078;Maranhão
Magalhães Barata;0,14;1504109;Pará
Senador Alexandre Costa;4,90;2111748;Maranhão
São Mateus do Maranhão;0,30;2111508;Maranhão
Marajá do Sena;4,09;2106359;Maranhão
Igarapé do Meio;0,00;2105153;Maranhão
Santa Rosa do Tocantins;0,00;1718907;Tocantins
Manacapuru;8,78;1302504;Amazonas
Alvarães;2,34;1300029;Amazonas
Cabixi;0,74;1100031;Rondônia
Candeias do Jamari;17,91;1100809;Rondônia
Nova Canaã do Norte;4,11;5106216;Mato Grosso
Moju;42,60;1504703;Pará
Maués;14,64;1302900;Amazonas
São Miguel do Guaporé;5,36;1100320;Rondônia
Santa Maria das Barreiras;32,94;1506583;Pará
Silves;1,74;1304005;Amazonas
Bandeirantes do Tocantins;0,05;1703057;Tocantins
Porto Alegre do Norte;3,79;5106778;Mato Grosso
Gaúcha do Norte;9,70;5103858;Mato Grosso
Nova Monte Verde;3,58;5108956;Mato Grosso
Cametá;1,38;1502103;Pará
Tarauacá;19,24;1200609;Acre
São José do Xingu;5,93;5107354;Mato Grosso
Nova Olinda do Norte;3,09;1303106;Amazonas
Pracuúba;0,66;1600550;Amapá
Bom Jesus do Araguaia;12,23;5101852;Mato Grosso
Santo Antônio do Içá;2,78;1303700;Amazonas
Tabatinga;0,87;1304062;Amazonas
Vitória do Xingu;53,12;1508357;Pará
Campos de Júlio;0,07;5102686;Mato Grosso
Aripuanã;34,05;5101407;Mato Grosso
Alvorada D'Oeste;2,29;1100346;Rondônia
Nova Ubiratã;94,14;5106240;Mato Grosso
Cruzeiro do Sul;12,69;1200203;Acre
Alta Floresta;5,66;5100250;Mato Grosso
Faro;3,01;1503002;Pará
Canarana;1,96;5102702;Mato Grosso
Cachoeira do Arari;0,21;1502004;Pará
Paraíso do Tocantins;0,00;1716109;Tocantins
Primavera de Rondônia;0,00;1101476;Rondônia
Cutias;0,35;1600212;Amapá
Cacoal;2,31;1100049;Rondônia
Piçarra;3,52;1505635;Pará
Vitória do Jari;1,10;1600808;Amapá
Porto Nacional;0,00;1718204;Tocantins
Assis Brasil;2,82;1200054;Acre
Planalto da Serra;0,19;5106455;Mato Grosso
Colinas do Tocantins;0,16;1705508;Tocantins
Colíder;0,48;5103205;Mato Grosso
Sinop;8,00;5107909;Mato Grosso
Muricilândia;0,62;1713957;Tocantins
Alta Floresta D'Oeste;6,81;1100015;Rondônia
Sorriso;0,71;5107925;Mato Grosso
Inhangapi;0,00;1503408;Pará
Bacabal;0,06;2101202;Maranhão
Primavera;0,58;1506104;Pará
Presidente Sarney;3,60;2109270;Maranhão
Lagoa Grande do Maranhão;0,75;2105963;Maranhão
Campestre do Maranhão;0,50;2102556;Maranhão
Dom Pedro;1,86;2103802;Maranhão
Itaguatins;2,29;1710706;Tocantins
Nova Olinda do Maranhão;4,65;2107357;Maranhão
Ananás;3,67;1701002;Tocantins
Santa Luzia do Paruá;0,54;2110039;Maranhão
Palmeirândia;0,12;2107605;Maranhão
Nova Esperança do Piriá;33,10;1504950;Pará
Alto Taquari;0,00;5100607;Mato Grosso
Ji-Paraná;1,21;1100122;Rondônia
Boa Vista do Ramos;1,39;1300680;Amazonas
Carolina;0,00;2102804;Maranhão
Japurá;1,33;1302108;Amazonas
Santa Bárbara do Pará;0,10;1506351;Pará
Monte do Carmo;0,00;1713601;Tocantins
Prainha;18,16;1506005;Pará
Tuntum;5,51;2112308;Maranhão
Curuçá;0,41;1502905;Pará
Taipas do Tocantins;0,00;1720937;Tocantins
Itaipava do Grajaú;2,28;2105351;Maranhão
Laranjal do Jari;1,73;1600279;Amapá
Senador La Rocque;2,37;2111763;Maranhão
Santa Luzia;3,93;2110005;Maranhão
Santana do Araguaia;33,12;1506708;Pará
Santo Antônio do Tauá;0,31;1507003;Pará
Tasso Fragoso;0,00;2112001;Maranhão
Porto Rico do Maranhão;0,00;2109056;Maranhão
Silvanópolis;0,00;1720655;Tocantins
Sítio Novo do Tocantins;0,98;1720804;Tocantins
Santa Luzia do Pará;0,34;1506559;Pará
Raposa;0,00;2109452;Maranhão
Vila Rica;12,50;5108600;Mato Grosso
Olinda Nova do Maranhão;0,00;2107456;Maranhão
Presidente Vargas;0,70;2109304;Maranhão
Bacurituba;0,00;2101350;Maranhão
Gonçalves Dias;9,73;2104404;Maranhão
São José de Ribamar;0,46;2111201;Maranhão
Altamira do Maranhão;0,00;2100402;Maranhão
Garrafão do Norte;9,83;1503077;Pará
Fortuna;3,42;2104206;Maranhão
São Caetano de Odivelas;0,40;1507102;Pará
Machadinho D'Oeste;54,29;1100130;Rondônia
Bequimão;0,00;2101905;Maranhão
Rosário;2,48;2109601;Maranhão
Capitão Poço;9,21;1502301;Pará
Bujaru;1,65;1501907;Pará
Monte Negro;10,24;1101401;Rondônia
Rodrigues Alves;4,70;1200427;Acre
Terra Santa;1,39;1507979;Pará
Bacuri;0,00;2101301;Maranhão
Santa Rita;1,62;2110203;Maranhão
Capanema;1,42;1502202;Pará
Presidente Dutra;0,98;2109106;Maranhão
Santarém;10,95;1506807;Pará
Melgaço;0,43;1504505;Pará
Peixe-Boi;0,39;1505601;Pará
Passagem Franca;0,00;2107902;Maranhão
Juruena;6,22;5105176;Mato Grosso
Anajás;0,31;1500701;Pará
Buritis;42,32;1100452;Rondônia
Dom Eliseu;24,61;1502939;Pará
Senador José Porfírio;100,47;1507805;Pará
Vargem Grande;0,75;2112704;Maranhão
Rio da Conceição;0,00;1718659;Tocantins
Itapecuru Mirim;6,40;2105401;Maranhão
Loreto;0,00;2106102;Maranhão
Benedito Leite;0,00;2101806;Maranhão
Jacundá;2,30;1503804;Pará
Porto Walter;10,58;1200393;Acre
Abel Figueiredo;0,44;1500131;Pará
Açailândia;8,41;2100055;Maranhão
Itacoatiara;17,55;1301902;Amazonas
São Miguel do Tocantins;0,66;1720200;Tocantins
Bom Lugar;0,00;2102077;Maranhão
Marianópolis do Tocantins;1,17;1712504;Tocantins
Santa Inês;0,00;2109908;Maranhão
Codó;5,29;2103307;Maranhão
Carlinda;0,75;5102793;Mato Grosso
Pindorama do Tocantins;0,00;1717008;Tocantins
Alto Parnaíba;0,00;2100501;Maranhão
Feliz Natal;27,47;5103700;Mato Grosso
São Félix do Araguaia;19,14;5107859;Mato Grosso
Pequizeiro;0,11;1716653;Tocantins
Eldorado do Carajás;5,30;1502954;Pará
Rio Crespo;2,72;1100262;Rondônia
Brasiléia;14,52;1200104;Acre
Tangará da Serra;0,46;5107958;Mato Grosso
Fonte Boa;0,96;1301605;Amazonas
São Miguel do Guamá;1,34;1507607;Pará
Nova Ipixuna;5,32;1504976;Pará
Filadélfia;0,00;1707702;Tocantins
São Domingos do Azeitão;0,00;2110658;Maranhão
Beruri;2,09;1300631;Amazonas
Espigão D'Oeste;1,49;1100098;Rondônia
Uiramutã;0,70;1400704;Roraima
Esperantinópolis;0,00;2104008;Maranhão
Apiacás;14,10;5100805;Mato Grosso
Tupiratins;0,00;1721307;Tocantins
Itanhangá;46,78;5104542;Mato Grosso
Barreirinha;4,95;1300508;Amazonas
Nobres;0,43;5105903;Mato Grosso
São Luís;1,55;2111300;Maranhão
Tucuruí;8,89;1508100;Pará
Paranã;0,00;1716208;Tocantins
Imperatriz;0,89;2105302;Maranhão
Benevides;0,00;1501501;Pará
São João do Carú;4,37;2111029;Maranhão
Cariri do Tocantins;0,00;1703867;Tocantins
Óbidos;15,61;1505106;Pará
Cidelândia;2,35;2103257;Maranhão
Xapuri;14,76;1200708;Acre
Porto Acre;16,16;1200807;Acre
Lavandeira;0,00;1712157;Tocantins
Ponte Alta do Bom Jesus;0,00;1717800;Tocantins
São Roberto;0,00;2111672;Maranhão
Alto Alegre do Pindaré;0,00;2100477;Maranhão
Sena Madureira;39,39;1200500;Acre
Abreulândia;0,00;1700251;Tocantins
Governador Luiz Rocha;3,99;2104628;Maranhão
Pedreiras;0,13;2108207;Maranhão
Xinguara;0,83;1508407;Pará
Itapuã do Oeste;13,81;1101104;Rondônia
São Sebastião da Boa Vista;0,00;1507706;Pará
Presidente Médici;0,28;2109239;Maranhão
São Francisco do Guaporé;14,03;1101492;Rondônia
Fátima;0,00;1707553;Tocantins
Paraibano;0,00;2107704;Maranhão
Placas;39,96;1505650;Pará
Vale do Paraíso;0,25;1101807;Rondônia
Manoel Urbano;8,01;1200344;Acre
Novo Progresso;53,14;1505031;Pará
Montes Altos;0,79;2107001;Maranhão
Chapada de Areia;0,00;1704600;Tocantins
Vale do Anari;6,98;1101757;Rondônia
Governador Edison Lobão;0,15;2104552;Maranhão
Dueré;0,00;1707306;Tocantins
Alenquer;21,87;1500404;Pará
Mazagão;1,52;1600402;Amapá
Curionópolis;0,26;1502772;Pará
Tailândia;19,04;1507953;Pará
Arapoema;0,19;1702307;Tocantins
Rondolândia;7,01;5107578;Mato Grosso
Buriticupu;3,25;2102325;Maranhão
São Paulo de Olivença;0,93;1303908;Amazonas
Cantá;8,64;1400175;Roraima
Apicum-Açu;0,00;2100832;Maranhão
Anamã;0,87;1300086;Amazonas
Sucupira;0,00;1720853;Tocantins
Presidente Médici;0,67;1100254;Rondônia
Pacajá;196,72;1505486;Pará
Paranatinga;4,20;5106307;Mato Grosso
Pimenta Bueno;4,26;1100189;Rondônia
Paço do Lumiar;0,86;2107506;Maranhão
Aparecida do Rio Negro;0,00;1701101;Tocantins
Matinha;0,48;2106508;Maranhão
Ulianópolis;22,88;1508126;Pará
Itupiranga;58,94;1503705;Pará
Rio Preto da Eva;5,58;1303569;Amazonas
Santa Rita do Trivelato;0,52;5107768;Mato Grosso
São João do Araguaia;3,07;1507508;Pará
Água Azul do Norte;7,52;1500347;Pará
Barra do Corda;17,24;2101608;Maranhão
Urucurituba;0,56;1304401;Amazonas
Santo Afonso;2,34;5107263;Mato Grosso
Muaná;0,12;1504901;Pará
Davinópolis;1,29;2103752;Maranhão
Colméia;0,00;1716703;Tocantins
Novo Repartimento;181,86;1505064;Pará
Monte Santo do Tocantins;0,00;1713700;Tocantins
Grajaú;57,75;2104800;Maranhão
Alto Alegre dos Parecis;8,34;1100379;Rondônia
Portel;73,02;1505809;Pará
Itaúba;8,56;5104559;Mato Grosso
Parecis;7,57;1101450;Rondônia
Colorado do Oeste;0,74;1100064;Rondônia
Presidente Kennedy;0,53;1718402;Tocantins
Anapu;223,27;1500859;Pará
Juarina;0,00;1711803;Tocantins
Novo Horizonte do Norte;0,39;5106273;Mato Grosso
Tonantins;0,99;1304237;Amazonas
João Lisboa;1,23;2105500;Maranhão
Porto Velho;318,90;1100205;Rondônia
Nova Olinda;0,07;1714880;Tocantins
Confresa;24,97;5103353;Mato Grosso
Curuá;3,35;1502855;Pará
Itapiranga;1,11;1302009;Amazonas
São Luís Gonzaga do Maranhão;0,15;2111409;Maranhão
Novo Santo Antônio;12,14;5106315;Mato Grosso
Novo Horizonte do Oeste;0,60;1100502;Rondônia
São Raimundo das Mangabeiras;0,00;2111607;Maranhão
Cândido Mendes;0,86;2102606;Maranhão
Amarante do Maranhão;15,28;2100600;Maranhão
Plácido de Castro;6,95;1200385;Acre
Serrano do Maranhão;0,00;2111789;Maranhão
Irituia;4,88;1503507;Pará
Pauini;5,71;1303502;Amazonas
Oeiras do Pará;6,47;1505205;Pará
Acrelândia;15,94;1200013;Acre
Almeirim;6,49;1500503;Pará
Ribeirão Cascalheira;8,31;5107180;Mato Grosso
Esperantina;0,13;1707405;Tocantins
Feijó;23,32;1200302;Acre
Couto Magalhães;0,21;1706001;Tocantins
Igarapé-Miri;2,72;1503309;Pará
Rurópolis;40,98;1506195;Pará
Porto Franco;1,36;2109007;Maranhão
Sampaio;0,08;1718808;Tocantins
Belém;0,25;1501402;Pará
Vitória do Mearim;0,84;2112902;Maranhão
Tupirama;0,00;1721257;Tocantins
São Domingos do Capim;3,00;1507201;Pará
Trizidela do Vale;0,02;2112233;Maranhão
Porto Alegre do Tocantins;0,00;1718006;Tocantins
Goiatins;0,00;1709005;Tocantins
Chapada da Natividade;0,00;1705102;Tocantins
São Sebastião do Tocantins;0,00;1720309;Tocantins
Amapá do Maranhão;3,18;2100550;Maranhão
Taguatinga;0,00;1720903;Tocantins
São Vicente Ferrer;0,00;2111706;Maranhão
Tocantínia;0,00;1721109;Tocantins
Pinheiro;1,82;2108603;Maranhão
Cristalândia;0,00;1706100;Tocantins
Aguiarnópolis;0,13;1700301;Tocantins
Piraquê;1,03;1717206;Tocantins
Bonito;1,73;1501600;Pará
Fortaleza dos Nogueiras;0,00;2104107;Maranhão
Terra Alta;0,16;1507961;Pará
Lago da Pedra;0,00;2105708;Maranhão
Balsas;0,00;2101400;Maranhão
Ipixuna do Pará;14,35;1503457;Pará
Santo Antônio dos Lopes;1,68;2110302;Maranhão
Serra do Navio;0,08;1600055;Amapá
Pau D'Arco;0,21;1716307;Tocantins
Concórdia do Pará;0,56;1502756;Pará
Lima Campos;0,57;2106003;Maranhão
São João do Paraíso;0,82;2111052;Maranhão
Boa Vista do Gurupi;1,21;2101970;Maranhão
Ponte Alta do Tocantins;0,00;1717909;Tocantins
Nazaré;0,08;1714302;Tocantins
Aveiro;34,50;1501006;Pará
Nova União;1,09;1101435;Rondônia
Boca do Acre;58,60;1300706;Amazonas
Luciara;0,00;5105309;Mato Grosso
Xambioá;1,59;1722107;Tocantins
Barcelos;1,54;1300409;Amazonas
Guaraí;0,92;1709302;Tocantins
Codajás;0,81;1301308;Amazonas
Querência;14,80;5107065;Mato Grosso
São Luiz;5,42;1400605;Roraima
Careiro;4,80;1301100;Amazonas
Pium;0,00;1717503;Tocantins
Brasnorte;13,52;5101902;Mato Grosso
Paranaíta;16,10;5106299;Mato Grosso
Oriximiná;12,29;1505304;Pará
Amajari;12,60;1400027;Roraima
Baião;7,45;1501204;Pará
Pacaraima;0,23;1400456;Roraima
Tabocão;0,00;1708254;Tocantins
São Salvador do Tocantins;0,00;1720259;Tocantins
Ipueiras;0,00;1709807;Tocantins
Juruá;0,55;1302207;Amazonas
Santana;0,10;1600600;Amapá
Jutaí;3,07;1302306;Amazonas
Crixás do Tocantins;0,00;1706258;Tocantins
Angico;0,05;1701051;Tocantins
Palestina do Pará;1,02;1505494;Pará
Alto Boa Vista;19,70;5100359;Mato Grosso
Turiaçu;1,14;2112407;Maranhão
Wanderlândia;0,59;1722081;Tocantins
Viana;0,45;2112803;Maranhão
Pedro Afonso;0,15;1716505;Tocantins
Riachinho;0,19;1718550;Tocantins
São Valério;0,00;1720499;Tocantins
Cachoeira do Piriá;24,35;1501956;Pará
Castanhal;0,98;1502400;Pará
Rondon do Pará;26,36;1506187;Pará
Barra do Ouro;0,00;1703073;Tocantins
Tomé-Açu;6,25;1508001;Pará
Poção de Pedras;0,01;2108900;Maranhão
São Bento;0,00;2110500;Maranhão
Godofredo Viana;0,69;2104305;Maranhão
Presidente Juscelino;2,67;2109205;Maranhão
São Pedro dos Crentes;0,00;2111573;Maranhão
Buriti do Tocantins;0,00;1703800;Tocantins
Centro Novo do Maranhão;29,40;2103174;Maranhão
Careiro da Várzea;12,20;1301159;Amazonas
Buriti Bravo;1,60;2102309;Maranhão
Pedro do Rosário;0,97;2108256;Maranhão
Palmeirante;0,00;1715705;Tocantins
Palmeiras do Tocantins;0,06;1713809;Tocantins
Carrasco Bonito;0,00;1703891;Tocantins
Conceição do Lago-Açu;0,00;2103554;Maranhão
Vitorino Freire;0,00;2113009;Maranhão
São Domingos do Araguaia;1,93;1507151;Pará
Almas;0,00;1700400;Tocantins
Lajeado;0,00;1712009;Tocantins
Feira Nova do Maranhão;0,00;2104073;Maranhão
Icatu;0,15;2105104;Maranhão
Cururupu;0,00;2103703;Maranhão
Itacajá;0,00;1710508;Tocantins
Luís Domingues;2,04;2106201;Maranhão
Campos Lindos;0,00;1703842;Tocantins
Aurora do Pará;6,79;1500958;Pará
Peri Mirim;0,08;2108405;Maranhão
Capinzal do Norte;1,93;2102754;Maranhão
Cachoeirinha;0,15;1703826;Tocantins
Bela Vista do Maranhão;0,00;2101772;Maranhão
Carmolândia;0,48;1703883;Tocantins
Santa Rita do Tocantins;0,07;1718899;Tocantins
Ministro Andreazza;0,41;1101203;Rondônia
Ponta de Pedras;0,22;1505700;Pará
Chupinguaia;4,24;1100924;Rondônia
Castanheira;6,83;5102850;Mato Grosso
Manaquiri;1,66;1302553;Amazonas
Marcelândia;20,65;5105580;Mato Grosso
Formoso do Araguaia;1,24;1708205;Tocantins
São Felipe D'Oeste;0,00;1101484;Rondônia
Brejinho de Nazaré;0,00;1703701;Tocantins
Juara;56,82;5105101;Mato Grosso
Guarantã do Norte;9,21;5104104;Mato Grosso
Nova Marilândia;3,99;5108857;Mato Grosso
Bernardo do Mearim;0,21;2101939;Maranhão
Terra Nova do Norte;4,48;5108055;Mato Grosso
Indiavaí;0,00;5104500;Mato Grosso
Soure;0,00;1507904;Pará
Caapiranga;0,93;1300839;Amazonas
Marabá;64,59;1504208;Pará
Nova Brasilândia D'Oeste;4,84;1100148;Rondônia
Campo Novo do Parecis;1,19;5102637;Mato Grosso
Guajará-Mirim;6,15;1100106;Rondônia
Mojuí dos Campos;10,87;1504752;Pará
Benjamin Constant;0,89;1300607;Amazonas
Dois Irmãos do Tocantins;0,15;1707207;Tocantins
Jaru;0,88;1100114;Rondônia
Jordão;5,98;1200328;Acre
Mucajaí;26,78;1400308;Roraima
Normandia;0,00;1400407;Roraima
Juína;7,33;5105150;Mato Grosso
Corumbiara;3,15;1100072;Rondônia
Urupá;1,16;1101708;Rondônia
Trairão;49,64;1508050;Pará
Atalaia do Norte;1,58;1300201;Amazonas
Nhamundá;4,04;1303007;Amazonas
Barra do Garças;0,00;5101803;Mato Grosso
São Domingos do Maranhão;7,30;2110708;Maranhão
Bagre;2,33;1501105;Pará
São Bento do Tocantins;0,10;1720101;Tocantins
Juruti;6,11;1503903;Pará
Colniza;86,88;5103254;Mato Grosso
Quatipuru;0,00;1506112;Pará
Salinópolis;0,40;1506203;Pará
Babaçulândia;0,00;1703008;Tocantins
Zé Doca;6,53;2114007;Maranhão
Sapucaia;0,00;1507755;Pará
Colares;0,15;1502608;Pará
Araguatins;2,65;1702208;Tocantins
Pio XII;0,00;2108702;Maranhão
Novo Jardim;0,00;1715259;Tocantins
Marechal Thaumaturgo;10,89;1200351;Acre
Teixeirópolis;0,15;1101559;Rondônia
São Francisco do Pará;0,17;1507409;Pará
Paulo Ramos;0,30;2108108;Maranhão
Nova Colinas;0,00;2107258;Maranhão
Santa Maria do Tocantins;0,00;1718881;Tocantins
Arraias;0,00;1702406;Tocantins
Salvaterra;1,06;1506302;Pará
Manicoré;54,64;1302702;Amazonas
Santa Maria do Pará;0,00;1506609;Pará
Cajapió;0,00;2102408;Maranhão
Bom Jardim;8,71;2102002;Maranhão
Peixe;0,00;1716604;Tocantins
Governador Archer;0,80;2104503;Maranhão
Curralinho;1,37;1502806;Pará
Talismã;0,00;1720978;Tocantins
Timbiras;0,12;2112100;Maranhão
Igarapé-Açu;0,06;1503200;Pará
Lago Verde;0,00;2105906;Maranhão
Itamarati;1,47;1301951;Amazonas
Lábrea;75,08;1302405;Amazonas
Luzinópolis;0,00;1712454;Tocantins
Brasilândia do Tocantins;0,00;1703602;Tocantins
Axixá;0,18;2101103;Maranhão
Brejo de Areia;0,72;2102150;Maranhão
Marituba;0,07;1504422;Pará
Recursolândia;0,09;1718501;Tocantins
Praia Norte;2,41;1718303;Tocantins
Sítio Novo;0,07;2111805;Maranhão
Ouro Preto do Oeste;0,18;1100155;Rondônia
São Félix do Tocantins;0,00;1720150;Tocantins
Marapanim;0,23;1504406;Pará
Bacabeira;4,71;2101251;Maranhão
Santarém Novo;0,18;1506906;Pará
Mirador;0,00;2106706;Maranhão
Vila Nova dos Martírios;1,02;2112852;Maranhão
Riachão;0,00;2109502;Maranhão
Ourém;1,20;1505403;Pará
São José dos Basílios;0,53;2111250;Maranhão
Governador Nunes Freire;0,46;2104677;Maranhão
Calçoene;1,03;1600204;Amapá
Alto Araguaia;0,00;5100300;Mato Grosso
Mirinzal;0,00;2106805;Maranhão
Jenipapo dos Vieiras;3,30;2105476;Maranhão
Santa Izabel do Pará;0,36;1506500;Pará
Combinado;0,00;1705557;Tocantins
Envira;7,06;1301506;Amazonas
Graça Aranha;3,37;2104701;Maranhão
Tocantinópolis;0,38;1721208;Tocantins
Amaturá;1,51;1300060;Amazonas
Cacaulândia;1,30;1100601;Rondônia
São Félix de Balsas;0,00;2110807;Maranhão
Colinas;2,23;2103505;Maranhão
Buritirana;5,61;2102358;Maranhão
Ananindeua;0,00;1500800;Pará
Presidente Figueiredo;11,68;1303536;Amazonas
Abaetetuba;0,83;1500107;Pará
Pindaré-Mirim;0,00;2108504;Maranhão
Centenário;0,00;1704105;Tocantins
Santa Terezinha do Tocantins;0,00;1720002;Tocantins
Vigia;0,24;1508209;Pará
Campo Novo de Rondônia;26,63;1100700;Rondônia
Santa Cruz do Xingu;2,28;5107743;Mato Grosso
Lajeado Novo;0,58;2105989;Maranhão
Afuá;0,00;1500305;Pará
Ribamar Fiquene;0,44;2109551;Maranhão